VC,Department,MobileNumber,Location,PG_UNIT,HostName,Make,Model,SerialNo,AdaptorSerialNumber,CPUConfiguration,RAM,HDD_SSD,Window
MR.Amol chaudhari,HR,9975985349,Supa Parner,PGTL,AMOL ,Lenovo,E15,PF30SMK0,,Intel(R) Core(TM) i5-10210U CPU @ 1.60GHz ,4 GB,256 GB,Windows 10 Pro
Mr.Ravindra Hande,HR,9766640643,Supa Parner,PGTL,RAVINDRA-E15,Lenovo,E15,PF31Z73M,8SSA10R16917D1SG1710PD5, Intel(R) Core(TM) i5-1135G7 @ 2.40GHz,8 GB,512 GB,Windows 10 Pro
MR.Abhilash Deshmukh,LOGISTICS,9011978190,Supa Parner,PGTL,ABHILASH-T430,Lenovo,T430,PB0Y5H4,NA,Intel(R) Core(TM) i5-3320 M CPU @ 2.60 GHZ,4 GB,180 GB,Windows 10 Pro
Mr.Ratnesh kumar Verma,Store,8806668019,Supa Parner,PGTL,RATNESH,DELL,Latitude 3420,b810fl3,CN-02D1TJ-CH600-1CV-1JHK-A00,Intel(R) Core(TM) i3-1115G4 @ 3.00GHz   ,8 GB,240 GB,Windows 10 Pro
MR.Binay choudhary,IDU-STORE,9675170430,Supa Parner,PGTL,BINAYE490-LT,Lenovo,E490,PG01Q3AT,NA,Intel(R) Core(TM) i5-8265U CPU @ 1.60GHz,8 GB,256 GB,Windows 10 Pro
Mr.Mahesh Mote,Store,7028704681,Supa Parner,PGTL,MAHESH-3420,DELL,Latitude 3420,5HSQML3,CN0KPVMFDES00231YAMA00,Intel(R) Core(TM) i3-1115G4 @ 3.00GHz   ,8 GB,240 GB,Windows 10 Pro
Mr.Babasaheb Gaike,MI ,9822526931,Supa Parner,PGTL,BABASAHEB,DELL,DELL 3420,5300FL3,CN02D1TJCH6001CR0M3PA00,Intel(R) Core(TM) i3-1115G4 @ 3.00GHz   ,8 GB,256 GB,Windows 10 Pro
MR.Rajneesh Chandra,Paint Shop,8077775293,Supa Parner,PGTL,RAJNEESH-E14,Lenovo,E14 G2,PF3BD454,8SSA10R16919L1CZ1BX472X,Intel(R) Core(TM) i3-1115G4 @ 3.00GHz,8 GB ,512 GB,Windows 10 Pro
MR.Kuldeep Sharma,QA,7015119083,Supa Parner,PGTL,KULDEEP-E14,Lenovo,E14 G2,PF3BD482,8SSA10R16919L1CZ1BX2C7V,Intel(R) Core(TM) i3-1115G4 @ 3.00GHz,8 GB ,512 GB,Windows 10 Pro
MR.Durvesh Kumar,Molding production,8449666694,Supa Parner,PGTL,PANKAJE14-LT,Lenovo,E14,PG0237W3,,Intel(R) Core(TM) i5-10210U CPU @ 1.60GHz,8 GB,500 GB,Windows 10 Pro
MR.Shailendra Srivastav,Molding production,8505902345,Supa Parner,PGTL,SHAILENDRA-E15,Lenovo,E15,PF30AVZG,8SSA10R16921C2TJ1681NS5, Intel(R) Core(TM) i5-1135G7 @ 2.40GHz,8 GB,512 GB,Windows 10 Pro
Mr.Akshay Kumar,HE SHOP,,Supa Parner,PGTL,AKSHAY-3420,DELL,Latitude 3420,9JSQML3,,Intel(R) Core(TM) i3-1115G4 @ 3.00GHz   ,8 GB,240 GB,Windows 10 Pro
Mr.Hariom Sharma,PPC,8477007652,Supa Parner,PGTL,HARIOM-E14,Lenovo,Lenovo-E14,PG03LNPR,8SSA10R16917D1SG2750K64,12th Gen Intel(R) Core(TM) i3-1215U 1.20 GHz,8 GB ,512 GB,Windows 10 Pro
MR.Shivaji Singh,EDP-IT ,8826069639,Supa Parner,PGTL,SHIVAJI-E14,Lenovo,E14 G2,PF4C9JC9,8SSA10R16870D1SG1951R1B,Intel(R) Core(TM) i5-1135G7 @ 2.40GHz,8 GB ,512 GB,Windows 10 Pro
Mr.Akshay S,Purchase,9958645227,Supa Parner,PGTL,MANISH-E15,Lenovo,E15,PF3928YV,8SSA10R16921C2TJ19B09NV,Intel(R) Core(TM) i3-1115G4 @ 3.00GHz,8 GB,256 GB,Windows 10 Pro
MR.Rajesh Dhiman,IDU ( PURCHASE),9254687609,Supa Parner,PGTL,RAJESHE490-LT ,Lenovo,E490,PG01Q35F,NA,Intel(R) Core(TM) i5-8265U CPU @ 1.60GHz,8 GB,256 GB,Windows 10 Pro
Mr.Vishal Tiwari,Purchase,9473512629,Supa Parner,PGTL,VISHAL-E14,Lenovo,E14 G2,PF3BCCZS,8SSA10R16919L1CZ1BX2CZJ,Intel(R) Core(TM) i3-1115G4 @ 3.00GHz,8 GB ,512 GB,Windows 10 Pro
MR.GOURAV SINGHAL ,Innovation,8377997218,Supa Parner,PGTL,GOURAVS-E15,Lenovo,E15,PF30AJFN,8SSA10R16921C2TJ1680HVW, Intel(R) Core(TM) i5-1135G7 @ 2.40GHz,8 GB,512 GB,Windows 10 Pro
MR.Naresh Kukreja,F.H,9818930088,Supa Parner,PGTL,NARESH-E14,Lenovo,E14,,8SSA10R16870D1SG0480A3J,Intel(R) Core(TM) i5-10210U CPU @ 1.60GHz,8 GB,500 GB,Windows 10 Pro
MR.SHAMMI ,Maintenance,8208042415,Supa Parner,PGTL,PANKAJ-E15,Lenovo,E15,PF39XEMQ,8SSA10R16921C2TJ19F0KLP,Intel(R) Core(TM) i3-1115G4 @ 3.00GHz,8 GB,256 GB,Windows 10 Pro
MR.RAMESHWAR,PURCHASE,9960397373,Supa Parner,PGTL,RAMESHWAR,Lenovo,E14,PG0237VN,8SSA10R1687001SG03Y0A4C,Intel(R) Core(TM) i5-10210U CPU @ 1.60GHz  ,8 GB,500 GB,Windows 10 Pro
Mr.Sams Nezami,Quality ,7906786361,Supa Parner,PGTL,RUPESH-E14,Lenovo,Lenovo-E14,PG03LNCH,8SSA10R16917D1SG2750K7B,12th Gen Intel(R) Core(TM) i3-1215U   1.20 GHz,8 GB ,512 GB,Windows 10 Pro
MR.NIKHIL, ODU Production,7448275567,Supa Parner,PGTL,BHUSHANK-E14,Lenovo,E14,PG0237V2,8SSA10R16870D1SG03Y0AA61,Intel(R) Core(TM) i5-10210U CPU @ 1.60GHz,8 GB,500 GB,Windows 10 Pro
Mr.Jonish,MIQA,6398,Supa Parner,PGTL,JONISH,Lenovo,E15,PF30VQF6,8SSA10R16921C2TJ1680HWX, Intel(R) Core(TM) i5-1135G7 @ 2.40GHz,8 GB,512 GB,Windows 10 Pro
Mr.Swapnil Bankar,EDP-IT ,8830856002,Supa Parner,PGTL,SWAPNIL-E14,Lenovo,E14,PF2X5QQX,8SSA10R16870D1SG0480A3J, Intel(R) Core(TM) i5-1135G7 @ 2.40GHz,8 GB,500 GB,Windows 10 Pro
MR.Chandan Rai,EDP-IT ,8955848548,Supa Parner,PGTL,VIRENDRA-E14,Lenovo,Lenovo-E14,PG03LNEX,,12th Gen Intel(R) Core(TM) i3-1215U 1.20 GHz,8 GB ,512 GB,Windows 11 Pro
Mr.RAHUL GHORPADE,IDU,9960145137,Supa Parner,PGTL,APPA-E14,Lenovo,E14,PF3BD454,,Intel(R) Core(TM) i3-1115G4 @ 3.00GHz,8 GB ,512 GB,Windows 11 Pro
Mr.Rajesh Bawalia,IDU,9870837710,Supa Parner,PGTL,RAJESH KUMAR,DELL,Latitude 3420,9GSQML3,CN0KPVMFDES0023KIXPXA00,Intel(R) Core(TM) i3-1115G4 @ 3.00GHz   ,8 GB,240 GB,Windows 11 Pro
Mr.Rohit Khandekar,PPC,8379861432,Supa Parner,PGTL,ROHITK,DELL,DELL 3420,7710FL3,CN02D1TJCH6001CV1JH6A00,Intel(R) Core(TM) i3-1115G4 @ 3.00GHz,8GB,256 GB,Windows 10 Pro
Mr.Abhishek Dangur,Purchase,9650593924,Supa Parner,PGTL,PURCHASE,DELL,DELL 3420,3500FL3,CN02D1TJCH6001CR0KNYA00, Intel(R) Core(TM) i3-1115G4 @ 3.00GHz,8 GB,256 GB,Windows 10 Pro
Mr.DASHARATH SALVE,Maintenance,7096341015,Supa Parner,PGTL,DASHARATH,DELL,Latitude 3420,BGSQML3,CN0KPVMFDES0023KIYNG100,"11th GEN INTEL CORE i3,@3.00GHz",8 GB,256,Windows 11 Pro
Mr.Orunesh Rao,SMTAI,7018918353,Supa Parner,PGTL,ORUNESH-LT3420,DELL,DELL 3420,3W20FL3,CN02D1TJCH6001CR0KWJA00,Intel(R) Core(TM) i3-1115G4 @ 3.00GHz,8 GB,256 GB,Windows 10 Pro
PGTL -IT SCRAP,PCB Programing,,Supa Parner,PGTL,QA,Lenovo,T430,PB08R00 ,NA,Intel(R) Core(TM) i5-3320 M CPU @ 2.60 GHZ,4 GB,180 GB,Windows 10 Pro
PGTL -IT SCRAP,Production,,Supa Parner,PGTL,BHUSHANK-T430,Lenovo,T430,PB7M2P6,NA,Intel(R) Core(TM) i5-3320 M CPU @ 2.60 GHZ,4 GB,180 GB,Windows 10 Pro
ASIFHUSSIAN,MI-QA,7983829863,Supa Parner,PGTL,ASHIF-3420,DELL LATITUDE_3420,DELL 3420,HFSQML3,CN0KPVMFDES0023KJ33N A00,Intel(R) Core(TM) i3-1115G4 @ 3.00GHz   ,8 GB,240 GB,
PGTL -IT SCRAP,DISPATCH,,Supa Parner,PGTL,DISPATCH ,DELL LATITUDE_3420,DELL 3420,9GSQML3,CN0KPVMFDDES0023KIXQ9 A00,Intel(R) Core(TM) i3-1115G4 @ 3.00GHz   ,8 GB,240 GB,
Mr.Pandurang Khomne,DISPATCH,,Supa Parner,PGTL,DISPATCH ,Lenovo,E14,PG04752R,8SGX21J75547L1CZ39L1EN2,13th Gen Intel(R) Core(TM) i3-1315U 1.20 GHz,8 GB ,512 GB,Windows 11 Pro
Mr.Nitish Rai,MI,,Supa Parner,PGTL,NITESH RAI,Lenovo,E14,PG03MHRS,8SSA10R16917D1SG28603BZ,12th Gen Intel(R) Core(TM) i3-1215U 1.20 GHz,8 GB ,512 GB,Windows 11 Pro
Mr.Orunesh Rao,Maintenance,,Supa Parner,PGTL,ORUNESH,Lenovo,E14,PG03MHR8,8SSA10R16917D1SG28601TT,12th Gen Intel(R) Core(TM) i3-12150 1.20 GHz,8 GB ,512 GB,Windows 11 Pro
Mr.Yogesh Dudhal,SMTAI,,Supa Parner,PGTL,YOGESH D,Lenovo,E14,PG03Z4XG,8SSA10R16919L1CZ 33W51A6,12th Gen Intel(R) Core(TM) i3-12150 1.20 GHz,8 GB ,512 GB,Windows 11 Pro
Mr.Sandip Kathikar,MI-QA,,Supa Parner,PGTL,SANDIP K,Lenovo,E14,PF4BFW1B,8SSA10R16870015603Y0A63,12th Gen Intel(R) Core(TM) i5-1245U 1.60,8 GB ,512 GB,Windows 11 Pro
Mr.Balwant Rawate,Purchase,,Supa Parner,PGTL,BALWANT,Lenovo,E14,PG0475JE,8SGX21J75547L1CZ39L1EER,13th Gen Intel(R) Core(TM) i3-1315U 1.20 GHz,8 GB ,512 GB,Windows 11 Pro
Mr.Dharmendra Kumar,Maintenance,,Supa Parner,PGTL,DHARMENDRA,Lenovo,E14,PG0475K3,8SGX21J75547L1CZ39L1EE5,13th Gen Intel(R) Core(TM) i3-1315U 1.20 GHz,8 GB ,512 GB,Windows 11 Pro
Mr. Bhushan Khaire,ODU,,Supa Parner,PGTL, BHUSHAN K,Lenovo,E14,PG03Z4XL,8SSA10R16919L1CZ33W54WK,12th Gen Intel(R) Core(TM) i3-12150 1.20 GHz,8 GB ,512 GB,Windows 11 Pro
Mr.Appso Shitole,IDU,,Supa Parner,PGTL,APPSO S,Lenovo,E14,PG04A2XB,8SGX21J75547L1CZ38T04JF,13th Gen Intel(R) Core(TM) i3-1315U 1.20 GHz,8 GB ,512 GB,Windows 11 Pro
Mr.Deepak Damode,ERP,,Supa Parner,PGTL,DEEPAK D,Lenovo,E14,,,12th Gen Intel(R) Core(TM) i3-12150 1.20 GHz,8 GB ,512 GB,Windows 11 Pro
Mr.Ritesh Pandey,OPERATIONS,,Supa Parner,PGTL,RITESH P,Lenovo,E14,,,12th Gen Intel(R) Core(TM) i3-12150 1.20 GHz,8 GB ,512 GB,Windows 11 Pro
Mr.Bipin Kumar,TOOLROOM,,Supa Parner,PGTL,BIPIN K,Lenovo,E14,PG0475JQ,8SGX21J755447L1CZ39L1ENH,13th Gen Intel(R) Core(TM) i3-1315U 1.20 GHz,8 GB ,512 GB,
Mr.Vineet Thakur,Purchase,,Supa Parner,PGTL,VINEET,Lenovo,E14,,,12th Gen Intel(R) Core(TM) i3-12150 1.20 GHz,,,
Mr.Dharmendra Pandey,STORE,,Supa Parner,PGTL,DHARMENDRA,Lenovo,E14,PG03Z4X9,8SSA10R16919L1C233W519D,12th Gen Intel(R) Core(TM) i3-12150 1.20 GHz,,,
Mr. Prakash Shinde,IT,,Supa Parner,PGTL,,Lenovo,E14,PG04A3XH,8SGX21J75547L1CZ38K06A1,13th Gen Intel(R) Core(TM) i3-1315U 1.2Ghz,8 GB ,512 GB,Windows 11 Pro
,,,Supa Parner,PGTL,,Lenovo,E14,PG04A3XK,8SGX21J75547L1CZ38K0692,13th Gen Intel(R) Core(TM) i3-1315U 1.2Ghz,8 GB ,512 GB,Windows 11 Pro
Mr. Laxman Ghode,PE,,Supa Parner,PGTL,,Lenovo,E14,PG04A422,8SGX21J75547L1CZ38T0481,13th Gen Intel(R) Core(TM) i3-1315U 1.2Ghz,8 GB ,512 GB,Windows 11 Pro
,,,Supa Parner,PGTL,,Lenovo,E14,PG04A3XL,8SGX21J75547L1CZ38K068C,13th Gen Intel(R) Core(TM) i3-1315U 1.2Ghz,8 GB ,512 GB,Windows 11 Pro
Mr. Ram Ghode,PE,,Supa Parner,PGTL,,Lenovo,E14,PG04A3XX,8SGX21J75547L1CZ38K0693,13th Gen Intel(R) Core(TM) i3-1315U 1.2Ghz,8 GB ,512 GB,Windows 11 Pro
,,,Supa Parner,PGTL,,Lenovo,E14,PG04A3YD,8SGX21J75547L1CZ38T05C2,13th Gen Intel(R) Core(TM) i3-1315U 1.2Ghz,8 GB ,512 GB,Windows 11 Pro
,,,Supa Parner,PGTL,,Lenovo,E14,PG04A373,8SGX21J75547L1CZ38K069T,13th Gen Intel(R) Core(TM) i3-1315U 1.2Ghz,8 GB ,512 GB,Windows 11 Pro
,,,Supa Parner,PGTL,,Lenovo,E14,PG04A2XP,8SGX21J75547L1CZ38T04JB,13th Gen Intel(R) Core(TM) i3-1315U 1.2Ghz,8 GB ,512 GB,Windows 11 Pro
Mr. Rahul Kumar,Quality ,,Supa Parner,PGTL,,Lenovo,E14,PG04A42C,8SGX21J75547L1CZ38K069X,13th Gen Intel(R) Core(TM) i3-1315U 1.2Ghz,8 GB ,512 GB,Windows 11 Pro
Mr. Anand Rajput,DISPATCH,,Supa Parner,PGTL,,Lenovo,E14,PG04A3XR,8SGX21J75547L1CZ38K068F,13th Gen Intel(R) Core(TM) i3-1315U 1.2Ghz,8 GB ,512 GB,Windows 11 Pro
